model,dataset,grid,mask_seed,checkpoint_ts,eval_ts,run_dir
DCRNN,PEMSD4,paper,43,20260831_114637,20260901_132419,DCRNN_PEMSD4_20260831_114637-20260901_132419
DCRNN,PEMSD4,paper,44,20260831_114637,20260901_132439,DCRNN_PEMSD4_20260831_114637-20260901_132439
DCRNN,PEMSD4,paper,45,20260831_114637,20260901_132459,DCRNN_PEMSD4_20260831_114637-20260901_132459
DCRNN,PEMSD4,breakdown,43,20260831_114637,20260901_132619,DCRNN_PEMSD4_20260831_114637-20260901_132619
DCRNN,PEMSD4,breakdown,44,20260831_114637,20260901_132640,DCRNN_PEMSD4_20260831_114637-20260901_132640
DCRNN,PEMSD4,breakdown,45,20260831_114637,20260901_132659,DCRNN_PEMSD4_20260831_114637-20260901_132659
DCRNN,PEMSD8,paper,43,20260831_071603,20260901_132519,DCRNN_PEMSD8_20260831_071603-20260901_132519
DCRNN,PEMSD8,paper,44,20260831_071603,20260901_132539,DCRNN_PEMSD8_20260831_071603-20260901_132539
DCRNN,PEMSD8,paper,45,20260831_071603,20260901_132559,DCRNN_PEMSD8_20260831_071603-20260901_132559
DCRNN,PEMSD8,breakdown,43,20260831_071603,20260901_143248,DCRNN_PEMSD8_20260831_071603-20260901_143248
DCRNN,PEMSD8,breakdown,44,20260831_071603,20260901_143308,DCRNN_PEMSD8_20260831_071603-20260901_143308
DCRNN,PEMSD8,breakdown,45,20260831_071603,20260901_143328,DCRNN_PEMSD8_20260831_071603-20260901_143328
D2STGNN,PEMSD4,paper,43,20260816_151002,20260830_164307,D2STGNN_PEMSD4_20260816_151002-20260830_164307
D2STGNN,PEMSD4,paper,44,20260816_151002,20260830_164317,D2STGNN_PEMSD4_20260816_151002-20260830_164317
D2STGNN,PEMSD4,paper,45,20260816_151002,20260830_164848,D2STGNN_PEMSD4_20260816_151002-20260830_164848
D2STGNN,PEMSD4,breakdown,43,20260816_151002,20260830_165428,D2STGNN_PEMSD4_20260816_151002-20260830_165428
D2STGNN,PEMSD4,breakdown,44,20260816_151002,20260830_165618,D2STGNN_PEMSD4_20260816_151002-20260830_165618
D2STGNN,PEMSD4,breakdown,45,20260816_151002,20260830_165829,D2STGNN_PEMSD4_20260816_151002-20260830_165829
D2STGNN,PEMSD8,paper,43,20260816_150942,20260830_164908,D2STGNN_PEMSD8_20260816_150942-20260830_164908
D2STGNN,PEMSD8,paper,44,20260816_150942,20260830_165148,D2STGNN_PEMSD8_20260816_150942-20260830_165148
D2STGNN,PEMSD8,paper,45,20260816_150942,20260830_165358,D2STGNN_PEMSD8_20260816_150942-20260830_165358
D2STGNN,PEMSD8,breakdown,43,20260816_150942,20260830_170029,D2STGNN_PEMSD8_20260816_150942-20260830_170029
D2STGNN,PEMSD8,breakdown,44,20260816_150942,20260830_170229,D2STGNN_PEMSD8_20260816_150942-20260830_170229
D2STGNN,PEMSD8,breakdown,45,20260816_150942,20260830_170239,D2STGNN_PEMSD8_20260816_150942-20260830_170239
Mamba4Traffic,PEMSD4,paper,43,20260816_151054,20260831_035546,Mamba4Traffic_PEMSD4_20260816_151054-20260831_035546
Mamba4Traffic,PEMSD4,paper,44,20260816_151054,20260831_035606,Mamba4Traffic_PEMSD4_20260816_151054-20260831_035606
Mamba4Traffic,PEMSD4,paper,45,20260816_151054,20260831_040247,Mamba4Traffic_PEMSD4_20260816_151054-20260831_040247
Mamba4Traffic,PEMSD4,breakdown,43,20260816_151054,20260831_041007,Mamba4Traffic_PEMSD4_20260816_151054-20260831_041007
Mamba4Traffic,PEMSD4,breakdown,44,20260816_151054,20260831_041027,Mamba4Traffic_PEMSD4_20260816_151054-20260831_041027
Mamba4Traffic,PEMSD4,breakdown,45,20260816_151054,20260831_041507,Mamba4Traffic_PEMSD4_20260816_151054-20260831_041507
Mamba4Traffic,PEMSD8,paper,43,20260816_151048,20260831_040307,Mamba4Traffic_PEMSD8_20260816_151048-20260831_040307
Mamba4Traffic,PEMSD8,paper,44,20260816_151048,20260831_040527,Mamba4Traffic_PEMSD8_20260816_151048-20260831_040527
Mamba4Traffic,PEMSD8,paper,45,20260816_151048,20260831_040747,Mamba4Traffic_PEMSD8_20260816_151048-20260831_040747
Mamba4Traffic,PEMSD8,breakdown,43,20260816_151048,20260831_041547,Mamba4Traffic_PEMSD8_20260816_151048-20260831_041547
Mamba4Traffic,PEMSD8,breakdown,44,20260816_151048,20260831_041728,Mamba4Traffic_PEMSD8_20260816_151048-20260831_041728
Mamba4Traffic,PEMSD8,breakdown,45,20260816_151048,20260831_041908,Mamba4Traffic_PEMSD8_20260816_151048-20260831_041908
Trafformer,PEMSD4,paper,43,20260921_064833,20260922_203122,Trafformer_PEMSD4_20260921_064833-20260922_203122
Trafformer,PEMSD4,paper,44,20260921_064833,20260922_210845,Trafformer_PEMSD4_20260921_064833-20260922_210845
Trafformer,PEMSD4,paper,45,20260921_064833,20260922_214347,Trafformer_PEMSD4_20260921_064833-20260922_214347
Trafformer,PEMSD4,breakdown,43,20260921_064833,20260922_221749,Trafformer_PEMSD4_20260921_064833-20260922_221749
Trafformer,PEMSD4,breakdown,44,20260921_064833,20260922_224350,Trafformer_PEMSD4_20260921_064833-20260922_224350
Trafformer,PEMSD4,breakdown,45,20260921_064833,20260922_231052,Trafformer_PEMSD4_20260921_064833-20260922_231052
Trafformer,PEMSD8,paper,43,20260817_104712,20260831_055323,Trafformer_PEMSD8_20260817_104712-20260831_055323
Trafformer,PEMSD8,paper,44,20260817_104712,20260831_065347,Trafformer_PEMSD8_20260817_104712-20260831_065347
Trafformer,PEMSD8,paper,45,20260817_104712,20260831_065353,Trafformer_PEMSD8_20260817_104712-20260831_065353
Trafformer,PEMSD8,breakdown,43,20260817_104712,20260831_055403,Trafformer_PEMSD8_20260817_104712-20260831_055403
Trafformer,PEMSD8,breakdown,44,20260817_104712,20260831_071513,Trafformer_PEMSD8_20260817_104712-20260831_071513
Trafformer,PEMSD8,breakdown,45,20260817_104712,20260831_071551,Trafformer_PEMSD8_20260817_104712-20260831_071551
